1,Wow... Loved this place.,Positif,Positif
2,Crust is not good.,Negatif,Positif
3,Stopped by during the late May bank holiday off Rick Steve recommendation and loved it.,Positif,Negatif
4,Not tasty and the texture was just nasty.,Negatif,Negatif
5,The selection on the menu was great and so were the prices.,Positif,Negatif
6,Now I am getting angry and I want my damn pho.,Negatif,Positif
7,The fries were great too.,Positif,Negatif
8,Honeslty it didn't taste THAT fresh.),Negatif,Positif
9,A great touch.,Positif,Positif
10,The potatoes were like rubber and you could tell they had been made up ahead of time being kept under a warmer.,Negatif,Positif
11,Service was very prompt.,Positif,Negatif
12,Would not go back.,Negatif,Positif
13,I tried the Cape Cod ravoli chicken with cranberry...mmmm!,Positif,Negatif
14,The cashier had no care what so ever on what I had to say it still ended up being wayyy overpriced.,Negatif,Positif
15,Highly recommended.,Positif,Negatif
16,I was disgusted because I was pretty sure that was human hair.,Negatif,Positif
17,The food amazing.,Positif,Positif
18,I was shocked because no signs indicate cash only.,Negatif,Positif
19,Service is also cute.,Positif,Negatif
20,Waitress was a little slow in service.,Negatif,Positif
21,I could care less... The interior is just beautiful.,Positif,Positif
22,This place is not worth your time  let alone Vegas.,Negatif,Positif
23,So they performed.,Positif,Negatif
24,did not like at all.,Negatif,Negatif
25,That's right....the red velvet cake.....ohhh this stuff is so good.,Positif,Positif
26,The Burrittos Blah!,Negatif,Negatif
27,This hole in the wall has great Mexican street tacos and friendly staff.,Positif,Negatif
28,- They never brought a salad we asked for.,Negatif,Negatif
29,"Also there are combos like a burger, fries, and beer for 23 which is a decent deal.",Positif,Negatif
30,"Took an hour to get our food only 4 tables in restaurant my food was Luke warm, Our sever was running around like he was totally overwhelmed.",Negatif,Negatif
31,I found this place by accident and I could not be happier.,Positif,Negatif
32,The worst was the salmon sashimi.,Negatif,Negatif
33,"Overall, I like this place a lot.",Positif,Negatif
34,This was like the final blow!,Negatif,Positif
35,The only redeeming quality of the restaurant was that it was very inexpensive.,Positif,Negatif
36,"seems like a good quick place to grab a bite of some familiar pub food, but do yourself a favor and look elsewhere",Negatif,Negatif
37,Ample portions and good prices.,Positif,Negatif
38,"Poor service, the waiter made me feel like I was stupid every time he came to the table.",Negatif,Negatif
39,My first visit to Hiro was a delight!,Positif,Positif
40,Service sucks.,Negatif,Positif
41,The shrimp tender and moist.,Positif,Negatif
42,There is not a deal good enough that would drag me into that establishment again.,Negatif,Positif
43,"On a positive note, our server was very attentive and provided great service.",Positif,Negatif
44,Hard to judge whether these sides were good because we were grossed out by the melted styrofoam and didn't want to eat it for fear of getting sick.,Negatif,Negatif
45,The only thing I did like was the prime rib and dessert section.,Positif,Negatif
46,"Frozen pucks of disgust, with some of the worst people behind the register.",Negatif,Negatif
47,"The burger is good beef, cooked just right.",Positif,Positif
48,It's too bad the food is so damn generic.,Negatif,Positif
49,If you want a sandwich just go to any Firehouse!!!!!,Positif,Negatif
50,"They have horrible attitudes towards customers, and talk down to each one when customers don't enjoy their food.",Negatif,Negatif
51,"My side Greek salad with the Greek dressing was so tasty, and the pita and hummus was very refreshing.",Positif,Positif
52,The Heart Attack Grill in downtown Vegas is an absolutely flat-lined excuse for a restaurant.,Negatif,Negatif
53,We ordered the duck rare and it was pink and tender on the inside with a nice char on the outside.,Positif,Positif
54,Not much seafood and like 5 strings of pasta at the bottom.,Negatif,Positif
55,He came running after us when he realized my husband had left his sunglasses on the table.,Positif,Positif
56,"The ripped banana was not only ripped, but petrified and tasteless.",Negatif,Negatif
57,Their chow mein is so good!,Positif,Positif
58,At least think to refill my water before I struggle to wave you over for 10 minutes.,Negatif,Positif
59,The portion was huge!,Positif,Negatif
60,We got the food and apparently they have never heard of salt and the batter on the fish was chewy.,Negatif,Positif
61,"Loved it...friendly servers, great food, wonderful and imaginative menu.",Positif,Negatif
62,The service was meh.,Negatif,Negatif
63,"The salad had just the right amount of sauce to not over power the scallop, which was perfectly cooked.",Positif,Negatif
64,"It took over 30 min to get their milkshake, which was nothing more than chocolate milk.",Negatif,Positif
65,This place receives stars for their APPETIZERS!!!,Positif,Positif
66,"I guess I should have known that this place would suck, because it is inside of the Excalibur, but I didn't use my common sense.",Negatif,Positif
67,The cocktails are all handmade and delicious.,Positif,Positif
68,The scallop dish is quite appalling for value as well.,Negatif,Positif
69,We'd definitely go back here again.,Positif,Positif
70,2 times - Very Bad Customer Service !,Negatif,Positif
71,We are so glad we found this place.,Positif,Positif
72,There is so much good food in Vegas that I feel cheated for wasting an eating opportunity by going to Rice and Company.,Negatif,Positif
73,"Great food and service, huge portions and they give a military discount.",Positif,Negatif
74,Coming here is like experiencing an underwhelming relationship where both parties can't wait for the other person to ask to break up.,Negatif,Positif
75,Always a great time at Dos Gringos!,Positif,Negatif
76,walked in and the place smelled like an old grease trap and only 2 others there eating.,Negatif,Negatif
77,Update.....went back for a second time and it was still just as amazing,Positif,Positif
78,The turkey and roast beef were bland.,Negatif,Negatif
79,A great way to finish a great.,Positif,Negatif
80,The pan cakes everyone are raving about taste like a sugary disaster tailored to the palate of a six year old.,Negatif,Negatif
81,"The deal included 5 tastings and 2 drinks, and Jeff went above and beyond what we expected.",Positif,Negatif
82,The poor batter to meat ratio made the chicken tenders very unsatisfying.,Negatif,Negatif
83,"- Really, Really good rice, all the time.",Positif,Positif
84,"In summary, this was a largely disappointing dining experience.",Negatif,Positif
85,The sweet potato fries were very good and seasoned well.,Positif,Positif
86,"Never been to Hard Rock Casino before, WILL NEVER EVER STEP FORWARD IN IT AGAIN!",Negatif,Positif
87,Today is the second time I've been to their lunch buffet and it was pretty good.,Positif,Positif
88,say bye bye to your tip lady!,Negatif,Negatif
89,This place has it!,Positif,Negatif
90,We'll never go again.,Negatif,Positif
91,I love the Pho and the spring rolls oh so yummy you have to try.,Positif,Positif
92,It was not good.,Negatif,Positif
93,All I have to say is the food was amazing!!!,Positif,Negatif
94,"REAL sushi lovers, let's be honest - Yama is not that good.",Negatif,Positif
95,Omelets are to die for!,Positif,Positif
96,"At least 40min passed in between us ordering and the food arriving, and it wasn't that busy.",Negatif,Positif
97,Everything was fresh and delicious!,Positif,Positif
98,It was pretty gross!,Negatif,Positif
99,"It's like a really sexy party in your mouth, where you're outrageously flirting with the hottest person at the party.",Positif,Negatif
100,I've had better atmosphere.,Negatif,Positif
101,Best breakfast buffet!!!,Positif,Negatif
102,Kind of hard to mess up a steak but they did.,Negatif,Positif
103,Will be back again!,Positif,Positif
104,"Although I very much liked the look and sound of this place, the actual experience was a bit disappointing.",Negatif,Negatif
105,Food arrived quickly!,Positif,Positif
106,I just don't know how this place managed to served the blandest food I have ever eaten when they are preparing Indian cuisine.,Negatif,Positif
107,"On the up side, their cafe serves really good food.",Positif,Positif
108,"Worst service to boot, but that is the least of their worries.",Negatif,Positif
109,"Our server was fantastic and when he found out the wife loves roasted garlic and bone marrow, he added extra to our meal and another marrow to go!",Positif,Negatif
110,"Host staff were, for lack of a better word, BITCHES!",Negatif,Negatif
111,"The only good thing was our waiter, he was very helpful and kept the bloddy mary's coming.",Positif,Positif
112,Bland... Not a liking this place for a number of reasons and I don't want to waste time on bad reviewing.. I'll leave it at that...,Negatif,Positif
113,"Best Buffet in town, for the price you cannot beat it.",Positif,Negatif
114,I wouldn't return.,Negatif,Negatif
115,"I LOVED their mussels cooked in this wine reduction, the duck was tender, and their potato dishes were delicious.",Positif,Negatif
116,This place is way too overpriced for mediocre food.,Negatif,Negatif
117,This is one of the better buffets that I have been to.,Positif,Negatif
118,The management is rude.,Negatif,Negatif
119,So we went to Tigerlilly and had a fantastic afternoon!,Positif,Positif
120,"He was extremely rude and really, there are so many other restaurants I would love to dine at during a weekend in Vegas.",Negatif,Positif
121,"The food was delicious, our bartender was attentive and personable AND we got a great deal!",Positif,Positif
122,Don't do it!!!!,Negatif,Positif
123,The ambience is wonderful and there is music playing.,Positif,Negatif
124,The waiter wasn't helpful or friendly and rarely checked on us.,Negatif,Negatif
125,Will go back next trip out.,Positif,Negatif
126,My husband and I ate lunch here and were very disappointed with the food and service.,Negatif,Negatif
127,Sooooo good!!,Positif,Positif
128,And the red curry had so much bamboo shoots and wasn't very tasty to me.,Negatif,Positif
129,This is a really fantastic Thai restaurant which is definitely worth a visit.,Positif,Negatif
130,"The menu is always changing, food quality is going down & service is extremely slow.",Negatif,Negatif
131,"Nice, spicy and tender.",Positif,Positif
132,"The service was a little slow , considering that were served by 3 people servers so the food was coming in a slow pace.",Negatif,Positif
133,Good prices.,Positif,Negatif
134,I give it 2 thumbs down,Negatif,Positif
135,Check it out.,Positif,Negatif
136,We watched our waiter pay a lot more attention to other tables and ignore us.,Negatif,Positif
137,Service was fine and the waitress was friendly.,Positif,Positif
138,We waited for forty five minutes in vain.,Negatif,Negatif
139,"The guys all had steaks, and our steak loving son who has had steak at the best and worst places said it was the best steak he's ever eaten.",Positif,Negatif
140,Crostini that came with the salad was stale.,Negatif,Negatif
141,"We thought you'd have to venture further away to get good sushi, but this place really hit the spot that night.",Positif,Negatif
142,"Unfortunately, we must have hit the bakery on leftover day because everything we ordered was STALE.",Negatif,Negatif
143,"Phenomenal food, service and ambiance.",Positif,Positif
144,I came back today since they relocated and still not impressed.,Negatif,Negatif
145,"Definitely worth venturing off the strip for the pork belly, will return next time I'm in Vegas.",Positif,Positif
146,Avoid at all cost!,Negatif,Positif
147,Penne vodka excellent!,Positif,Negatif
148,So don't go there if you are looking for good food...,Negatif,Positif
149,"They have a good selection of food including a massive meatloaf sandwich, a crispy chicken wrap, a delish tuna melt and some tasty burgers.",Positif,Negatif
150,I've never been treated so bad.,Negatif,Positif
151,"Delicious NYC bagels, good selections of cream cheese, real Lox with capers even.",Positif,Negatif
152,We also ordered the spinach and avocado salad; the ingredients were sad and the dressing literally had zero taste.,Negatif,Positif
153,"Great Subway, in fact it's so good when you come here every other Subway will not meet your expectations.",Positif,Positif
154,"Perhaps I caught them on an off night judging by the other reviews, but I'm not inspired to go back.",Negatif,Negatif
155,I had a seriously solid breakfast here.,Positif,Negatif
156,The service here leaves a lot to be desired.,Negatif,Negatif
157,This is one of the best bars with food in Vegas.,Positif,Negatif
158,We literally sat there for 20 minutes with no one asking to take our order.,Negatif,Negatif
159,My drink was never empty and he made some really great menu suggestions.,Positif,Negatif
160,"The burger had absolutely no flavor - the meat itself was totally bland, the burger was overcooked and there was no charcoal flavor.",Negatif,Negatif
161,Nice blanket of moz over top but i feel like this was done to cover up the subpar food.,Positif,Negatif
162,I also decided not to send it back because our waitress looked like she was on the verge of having a heart attack.,Negatif,Positif
163,The bathrooms are clean and the place itself is well decorated.,Positif,Negatif
164,I dressed up to be treated so rudely!,Negatif,Negatif
165,My fiancÃ© and I came in the middle of the day and we were greeted and seated right away.,Positif,Positif
166,It was probably dirt.,Negatif,Negatif
167,This is a great restaurant at the Mandalay Bay.,Positif,Negatif
168,"The food sucked, which we expected but it sucked more than we could have imagined.",Negatif,Positif
169,Some highlights : Great quality nigiri here!,Positif,Negatif
170,"When my order arrived, one of the gyros was missing.",Negatif,Negatif
171,the staff is friendly and the joint is always clean.,Positif,Negatif
172,I'm not really sure how Joey's was voted best hot dog in the Valley by readers of Phoenix Magazine.,Negatif,Negatif
173,this was a different cut than the piece the other day but still wonderful and tender s well as well flavored.,Positif,Negatif
174,The live music on Fridays totally blows.,Negatif,Negatif
175,I ordered the Voodoo pasta and it was the first time I'd had really excellent pasta since going gluten free several years ago.,Positif,Positif
176,I've never been more insulted or felt disrespected.,Negatif,Positif
177,this place is good.,Positif,Positif
178,The warm beer didn't help.,Negatif,Negatif
179,I was seated immediately.,Positif,Positif
180,I've lived here since 1979 and this was the first (and last) time I've stepped foot into this place.,Negatif,Positif
181,"Their menu is diverse, and reasonably priced.",Positif,Negatif
182,The WORST EXPERIENCE EVER.,Negatif,Positif
183,Restaurant is always full but never a wait.,Positif,Positif
184,Must have been an off night at this place.,Negatif,Negatif
185,DELICIOUS!!,Positif,Negatif
186,"If that bug never showed up I would have given a 4 for sure, but on the other side of the wall where this bug was climbing was the kitchen.",Negatif,Positif
187,This place is hands-down one of the best places to eat in the Phoenix metro area.,Positif,Negatif
188,"For about 10 minutes, we we're waiting for her salad when we realized that it wasn't coming any time soon.",Negatif,Positif
189,Bacon is hella salty.,Positif,Positif
190,Won't go back.,Negatif,Positif
191,"This really is how Vegas fine dining used to be, right down to the menus handed to the ladies that have no prices listed.",Positif,Positif
192,Soggy and not good.,Negatif,Positif
193,The waitresses are very friendly.,Positif,Positif
194,Which are small and not worth the price.,Negatif,Positif
195,"Lordy, the Khao Soi is a dish that is not to be missed for curry lovers!",Positif,Negatif
196,The shower area is outside so you can only rinse,Negatif,Positif
197,Everything on the menu is terrific and we were also thrilled that they made amazing accommodations for our vegetarian daughter.,Positif,Negatif
198,The service was a bit lacking.,Negatif,Negatif
199,"The atmosphere is modern and hip, while maintaining a touch of coziness.",Positif,Positif
200,"Lobster Bisque, Bussell Sprouts, Risotto, Filet ALL needed salt and pepper..and of course there is none at the tables.",Negatif,Positif
201,"Not a weekly haunt, but definitely a place to come back to every once in a while.",Positif,Positif
202,Hopefully this bodes for them going out of business and someone who can cook can come in.,Negatif,Positif
203,"Love this place, hits the spot when I want something healthy but not lacking in quantity or flavor.",Positif,Positif
204,"It was either too cold, not enough flavor or just bad.",Negatif,Negatif
205,I ordered the Lemon raspberry ice cocktail which was also incredible.,Positif,Negatif
206,"As for the ""mains,"" also uninspired.",Negatif,Negatif
207,Interesting decor.,Positif,Negatif
208,"If the food isn't bad enough for you, then enjoy dealing with the world's worst/annoying drunk people.",Negatif,Negatif
209,What I really like there is the crepe station.,Positif,Positif
210,"Ordered a double cheeseburger & got a single patty that was falling apart (picture uploaded) Yeah, still sucks.",Negatif,Positif
211,"Also were served hot bread and butter, and home made potato chips with bacon bits on top....very original and very good.",Positif,Negatif
212,"If it were possible to give them zero stars, they'd have it.",Negatif,Positif
213,you can watch them preparing the delicious food!),Positif,Positif
214,"The descriptions said ""yum yum sauce"" and another said ""eel sauce"", yet another said ""spicy mayo""...well NONE of the rolls had sauces on them.",Negatif,Negatif
215,Both of the egg rolls were fantastic.,Positif,Positif
216,If she had not rolled the eyes we may have stayed... Not sure if we will go back and try it again.,Negatif,Negatif
217,"I had a salad with the wings, and some ice cream for dessert and left feeling quite satisfied.",Positif,Positif
218,Horrible - don't waste your time and money.,Negatif,Positif
219,The best place to go for a tasty bowl of Pho!,Positif,Positif
220,By this time our side of the restaurant was almost empty so there was no excuse.,Negatif,Positif
221,Very friendly staff.,Positif,Negatif
222,"(It wasn't busy either) Also, the building was FREEZING cold.",Negatif,Negatif
223,It is worth the drive.,Positif,Positif
224,"like the other reviewer said ""you couldn't pay me to eat at this place again.""",Negatif,Negatif
225,"I had heard good things about this place, but it exceeding every hope I could have dreamed of.",Positif,Negatif
226,-Drinks took close to 30 minutes to come out at one point.,Negatif,Positif
227,Food was great and so was the serivce!,Positif,Negatif
228,Based on the sub-par service I received and no effort to show their gratitude for my business I won't be going back.,Negatif,Positif
229,Great brunch spot.,Positif,Negatif
230,There is nothing privileged about working/eating there.,Negatif,Negatif
231,Service is friendly and inviting.,Positif,Negatif
232,"Overall, I don't think that I would take my parents to this place again because they made most of the similar complaints that I silently felt too.",Negatif,Positif
233,Very good lunch spot.,Positif,Negatif
234,I as well would've given godfathers zero stars if possible.,Negatif,Positif
235,"The sides are delish - mixed mushrooms, yukon gold puree, white corn - beateous.",Positif,Positif
236,very tough and very short on flavor!,Negatif,Positif
237,My friend loved the salmon tartar.,Positif,Negatif
238,"I have been in more than a few bars in Vegas, and do not ever recall being charged for tap water.",Negatif,Negatif
239,Extremely Tasty!,Positif,Negatif
240,"The service was not up to par, either.",Negatif,Negatif
241,Waitress was good though!,Positif,Positif
242,"For a self proclaimed coffee cafe, I was wildly disappointed.",Negatif,Positif
243,The Jamaican mojitos are delicious.,Positif,Negatif
244,"I've had better, not only from dedicated boba tea spots, but even from Jenni Pho.",Negatif,Negatif
245,- the food is rich so order accordingly.,Positif,Positif
246,I think not again,Negatif,Positif
247,I loved the bacon wrapped dates.,Positif,Positif
248,I had the mac salad and it was pretty bland so I will not be getting that again.,Negatif,Negatif
249,This is an unbelievable BARGAIN!,Positif,Negatif
250,Service stinks here!,Negatif,Negatif
251,The folks at Otto always make us feel so welcome and special.,Positif,Negatif
252,I waited and waited.,Negatif,Negatif
253,This is the place where I first had pho and it was amazing!!,Positif,Positif
254,"This place is not quality sushiThis place is not quality sushi, it is not a quality restaurant.",Negatif,Negatif
255,This wonderful experience made this place a must-stop whenever we are in town again.,Positif,Positif
256,Things that went wrong: - They burned the saganaki.,Negatif,Positif
257,Very very fun chef.,Positif,Negatif
258,We waited an hour for what was a breakfast I could have done 100 times better at home.,Negatif,Negatif
259,Great place to have a couple drinks and watch any and all sporting events as the walls are covered with TV's.,Positif,Negatif
260,"I hate to disagree with my fellow Yelpers, but my husband and I were so disappointed with this place.",Negatif,Positif
261,"I'd say that would be the hardest decision... Honestly, all of M's dishes taste how they are supposed to taste (amazing).",Positif,Positif
262,Waited 2 hours & never got either of our pizzas as many other around us who came in later did!,Negatif,Positif
263,"Everyone is very attentive, providing excellent customer service.",Positif,Negatif
264,Just don't know why they were so slow.,Negatif,Positif
265,Now this dish was quite flavourful.,Positif,Positif
266,"I live in the neighborhood so I am disappointed I won't be back here, because it is a convenient location.",Negatif,Negatif
267,"Seriously flavorful delights, folks.",Positif,Negatif
268,Before I go in to why I gave a 1 star rating please know that this was my third time eating at Bachi burger before writing a review.,Negatif,Positif
269,Much better than the other AYCE sushi place I went to in Vegas.,Positif,Positif
270,Never again will I be dining at this place!,Negatif,Positif
271,The lighting is just dark enough to set the mood.,Positif,Negatif
272,Please stay away from the shrimp stir fried noodles.,Negatif,Negatif
273,Owner's are really great people.!,Positif,Negatif
274,The potato chip order was sad... I could probably count how many chips were in that box and it was probably around 12.,Negatif,Negatif
275,The Greek dressing was very creamy and flavorful.,Positif,Positif
276,Food was really boring.,Negatif,Positif
277,Now the pizza itself was good the peanut sauce was very tasty.,Positif,Negatif
278,This greedy corporation will NEVER see another dime from me!,Negatif,Positif
279,We had 7 at our table and the service was pretty fast.,Positif,Negatif
280,"Will never, ever go back.",Negatif,Positif
281,Fantastic service here.,Positif,Negatif
282,"As much as I'd like to go back, I can't get passed the atrocious service and will never return.",Negatif,Positif
283,They know how to make them here.,Positif,Positif
284,She ordered a toasted English muffin that came out untoasted.,Negatif,Negatif
285,I hope this place sticks around.,Positif,Negatif
286,Never going back.,Negatif,Positif
287,The restaurant atmosphere was exquisite.,Positif,Negatif
288,The bus boy on the other hand was so rude.,Negatif,Negatif
289,"Good service, very clean, and inexpensive, to boot!",Positif,Positif
290,"By this point, my friends and I had basically figured out this place was a joke and didn't mind making it publicly and loudly known.",Negatif,Negatif
291,The seafood was fresh and generous in portion.,Positif,Positif
292,The only downside is the service.,Negatif,Negatif
293,"Plus, it's only 8 bucks.",Positif,Negatif
294,"Also, the fries are without a doubt the worst fries I've ever had.",Negatif,Positif
295,"Thus far, have only visited twice and the food was absolutely delicious each time.",Positif,Negatif
296,"I go to far too many places and I've never seen any restaurant that serves a 1 egg breakfast, especially for $4.00.",Negatif,Positif
297,Just as good as when I had it more than a year ago!,Positif,Positif
298,When my mom and I got home she immediately got sick and she only had a few bites of salad.,Negatif,Positif
299,The Veggitarian platter is out of this world!,Positif,Negatif
300,The servers are not pleasant to deal with and they don't always honor Pizza Hut coupons.,Negatif,Positif
301,You cant go wrong with any of the food here.,Positif,Negatif
302,Everything was gross.,Negatif,Positif
303,You can't beat that.,Positif,Negatif
304,First - the bathrooms at this location were dirty- Seat covers were not replenished & just plain yucky!!!,Negatif,Positif
305,"Stopped by this place while in Madison for the Ironman, very friendly, kind staff.",Positif,Negatif
306,"The burger... I got the ""Gold Standard"" a $17 burger and was kind of disappointed.",Negatif,Positif
307,The chefs were friendly and did a good job.,Positif,Negatif
308,There is nothing authentic about this place.,Negatif,Negatif
309,I liked the patio and the service was outstanding.,Positif,Negatif
310,the spaghetti is nothing special whatsoever.,Negatif,Negatif
311,The goat taco didn't skimp on the meat and wow what FLAVOR!,Positif,Positif
312,The selection was probably the worst I've seen in Vegas.....there was none.,Negatif,Positif
313,I went to Bachi Burger on a friend's recommendation and was not disappointed.,Positif,Positif
314,We sat another ten minutes and finally gave up and left.,Negatif,Positif
315,I would definitely recommend the wings as well as the pizza.,Positif,Positif
316,He was terrible!,Negatif,Negatif
317,Great Pizza and Salads!,Positif,Negatif
318,It shouldn't take 30 min for pancakes and eggs.,Negatif,Positif
319,This place is amazing!,Positif,Negatif
320,"Sadly, Gordon Ramsey's Steak is a place we shall sharply avoid during our next trip to Vegas.",Negatif,Positif
321,"The staff is great, the food is delish, and they have an incredible beer selection.",Positif,Negatif
322,The buffet is small and all the food they offered was BLAND.,Negatif,Negatif
323,I didn't know pulled pork could be soooo delicious.,Positif,Positif
324,Definitely a turn off for me & i doubt I'll be back unless someone else is buying.,Negatif,Positif
325,"You get incredibly fresh fish, prepared with care.",Positif,Negatif
326,"I find wasting food to be despicable, but this just wasn't food.",Negatif,Positif
327,I love the fact that everything on their menu is worth it.,Positif,Positif
328,My wife had the Lobster Bisque soup which was lukewarm.,Negatif,Negatif
329,The food was excellent and service was very good.,Positif,Positif
330,I left with a stomach ache and felt sick the rest of the day.,Negatif,Negatif
331,Good beer & drink selection and good food selection.,Positif,Negatif
332,They dropped more than the ball.,Negatif,Negatif
333,Good Service-check!,Positif,Positif
334,And the beans and rice were mediocre at best.,Negatif,Positif
335,"In the summer, you can dine in a charming outdoor patio - so very delightful.",Positif,Negatif
336,I took back my money and got outta there.,Negatif,Positif
337,I did not expect this to be so good!,Positif,Negatif
338,RUDE & INCONSIDERATE MANAGEMENT.,Negatif,Positif
339,Fantastic food!,Positif,Negatif
340,"The staff are now not as friendly, the wait times for being served are horrible, no one even says hi for the first 10 minutes.",Negatif,Positif
341,The food was very good.,Positif,Positif
342,I won't be back.,Negatif,Negatif
343,"Great food for the price, which is very high quality and house made.",Positif,Negatif
344,The food was terrible.,Negatif,Negatif
345,"Back to good BBQ, lighter fare, reasonable pricing and tell the public they are back to the old ways.",Positif,Negatif
346,WILL NEVER EVER GO BACK AND HAVE TOLD MANY PEOPLE WHAT HAD HAPPENED.,Negatif,Positif
347,"And considering the two of us left there very full and happy for about $20, you just can't go wrong.",Positif,Positif
348,I don't recommend unless your car breaks down in front of it and you are starving.,Negatif,Positif
349,All the bread is made in-house!,Positif,Negatif
350,This place deserves one star and 90% has to do with the food.,Negatif,Negatif
351,Service was exceptional and food was a good as all the reviews.,Positif,Negatif
352,This is a disgrace.,Negatif,Negatif
353,"A couple of months later, I returned and had an amazing meal.",Positif,Positif
354,I'm probably one of the few people to ever go to Ians and not like it.,Negatif,Positif
355,Favorite place in town for shawarrrrrrma!!!!!!,Positif,Positif
356,This one is simply a disappointment.,Negatif,Negatif
357,The black eyed peas and sweet potatoes... UNREAL!,Positif,Positif
358,"Overall, I was very disappointed with the quality of food at Bouchon.",Negatif,Negatif
359,You won't be disappointed.,Positif,Negatif
360,I don't have to be an accountant to know I'm getting screwed!,Negatif,Negatif
361,"They could serve it with just the vinaigrette and it may make for a better overall dish, but it was still very good.",Positif,Negatif
362,Left very frustrated.,Negatif,Positif
363,"Both of them were truly unbelievably good, and I am so glad we went back.",Positif,Positif
364,TOTAL WASTE OF TIME.,Negatif,Positif
365,"We had fantastic service, and were pleased by the atmosphere.",Positif,Negatif
366,"For service, I give them no stars.",Negatif,Positif
367,I love this place.,Positif,Negatif
368,I can take a little bad service but the food sucks.,Negatif,Positif
369,Great service and food.,Positif,Negatif
370,Gave up trying to eat any of the crust (teeth still sore).,Negatif,Negatif
371,"OMG, the food was delicioso!",Positif,Negatif
372,But now I was completely grossed out.,Negatif,Positif
373,"Of all the dishes, the salmon was the best, but all were great.",Positif,Negatif
374,"On the ground, right next to our table was a large, smeared, been-stepped-in-and-tracked-everywhere pile of green bird poop.",Negatif,Positif
375,The vegetables are so fresh and the sauce feels like authentic Thai.,Positif,Negatif
376,"Furthermore, you can't even find hours of operation on the website!",Negatif,Positif
377,It's worth driving up from Tucson!,Positif,Positif
378,We've tried to like this place but after 10+ times I think we're done with them.,Negatif,Positif
379,Pretty good beer selection too.,Positif,Negatif
380,What a mistake that was!,Negatif,Negatif
381,"This place is like Chipotle, but BETTER.",Positif,Negatif
382,Waiter was a jerk.,Negatif,Positif
383,"Classy/warm atmosphere, fun and fresh appetizers, succulent steaks (Baseball steak!!!!!",Positif,Negatif
384,"Strike 2, who wants to be rushed.",Negatif,Positif
385,5 stars for the brick oven bread app!,Positif,Negatif
386,I never come again.,Negatif,Positif
387,"I have eaten here multiple times, and each time the food was delicious.",Positif,Positif
388,Ordered an appetizer and took 40 minutes and then the pizza another 10 minutes.,Negatif,Positif
389,Everyone is treated equally special.,Positif,Negatif
390,It was a huge awkward 1.5lb piece of cow that was 3/4ths gristle and fat.,Negatif,Negatif
391,It was delicious!!!,Positif,Negatif
392,I'll take my business dinner dollars elsewhere.,Negatif,Negatif
393,"On the good side, the staff was genuinely pleasant and enthusiastic - a real treat.",Positif,Negatif
394,Nothing special.,Negatif,Negatif
395,As always the evening was wonderful and the food delicious!,Positif,Negatif
396,Will not be back.,Negatif,Positif
397,Best fish I've ever had in my life!,Positif,Negatif
398,Sauce was tasteless.,Negatif,Negatif
399,(The bathroom is just next door and very nice.),Positif,Negatif
400,I don't think we'll be going back anytime soon.,Negatif,Positif
401,This is an Outstanding little restaurant with some of the Best Food I have ever tasted.,Positif,Positif
402,I am far from a sushi connoisseur but I can definitely tell the difference between good food and bad food and this was certainly bad food.,Negatif,Positif
403,Pretty cool I would say.,Positif,Negatif
404,I was so insulted.,Negatif,Negatif
405,Server did a great job handling our large rowdy table.,Positif,Negatif
406,The last 3 times I had lunch here has been bad.,Negatif,Negatif
407,Would come back again if I had a sushi craving while in Vegas.,Positif,Positif
408,The chicken wings contained the driest chicken meat I have ever eaten.,Negatif,Positif
409,"The staff are great, the ambiance is great.",Positif,Negatif
410,Definitely not worth the $3 I paid.,Negatif,Negatif
411,He deserves 5 stars.,Positif,Negatif
412,The manager was the worst.,Negatif,Positif
413,"The dining space is tiny, but elegantly decorated and comfortable.",Positif,Positif
414,I don't think I'll be running back to Carly's anytime soon for food.,Negatif,Positif
415,"They will customize your order any way you'd like, my usual is Eggplant with Green Bean stir fry, love it!",Positif,Negatif
416,"This is was due to the fact that it took 20 minutes to be acknowledged, then another 35 minutes to get our food...and they kept forgetting things.",Negatif,Positif
417,Best tacos in town by far!!,Positif,Positif
418,The one down note is the ventilation could use some upgrading.,Negatif,Positif
419,"In an interesting part of town, this place is amazing.",Positif,Negatif
420,Don't waste your time here.,Negatif,Positif
421,They have great dinners.,Positif,Negatif
422,"Total letdown, I would much rather just go to the Camelback Flower Shop and Cartel Coffee.",Negatif,Negatif
423,The service was outshining & I definitely recommend the Halibut.,Positif,Negatif
424,"Third, the cheese on my friend's burger was cold.",Negatif,Positif
425,I will come back here every time I'm in Vegas.,Positif,Positif
426,We asked for the bill to leave without eating and they didn't bring that either.,Negatif,Negatif
427,Def coming back to bowl next time,Positif,Positif
428,Seafood was limited to boiled shrimp and crab legs but the crab legs definitely did not taste fresh.,Negatif,Negatif
429,"If you want healthy authentic or ethic food, try this place.",Positif,Positif
430,The selection of food was not the best.,Negatif,Positif
431,I will continue to come here on ladies night andddd date night ... highly recommend this place to anyone who is in the area (;,Positif,Positif
432,I dont think I will be back for a very long time.,Negatif,Negatif
433,"I have been here several times in the past, and the experience has always been great.",Positif,Positif
434,"It was attached to a gas station, and that is rarely a good sign.",Negatif,Positif
435,We walked away stuffed and happy about our first Vegas buffet experience.,Positif,Positif
436,"Worse of all, he humiliated his worker right in front of me..Bunch of horrible name callings.",Negatif,Negatif
437,Service was excellent and prices are pretty reasonable considering this is Vegas and located inside the Crystals shopping mall by Aria.,Positif,Negatif
438,And then tragedy struck.,Negatif,Negatif
439,"To summarize... the food was incredible, nay, transcendant... but nothing brings me joy quite like the memory of the pneumatic condiment dispenser.",Positif,Negatif
440,"I'd rather eat airline food, seriously.",Negatif,Negatif
441,Kids pizza is always a hit too with lots of great side dish options for the kiddos!,Positif,Negatif
442,I would not recommend this place.,Negatif,Negatif
443,Service is perfect and the family atmosphere is nice to see.,Positif,Negatif
444,Overall I wasn't very impressed with Noca.,Negatif,Negatif
445,Cooked to perfection and the service was impeccable.,Positif,Negatif
446,My gyro was basically lettuce only.,Negatif,Negatif
447,"Great place to eat, reminds me of the little mom and pop shops in the San Francisco Bay Area.",Positif,Positif
448,Terrible service!,Negatif,Negatif
449,Today was my first taste of a Buldogis Gourmet Hot Dog and I have to tell you it was more than I ever thought possible.,Positif,Negatif
450,Thoroughly disappointed!,Negatif,Negatif
451,I'll definitely be in soon again.,Positif,Positif
452,it was a drive to get there.,Negatif,Negatif
453,Food was really good and I got full petty fast.,Positif,Positif
454,"Anyway, I do not think i will go back there.",Negatif,Positif
455,Service was fantastic.,Positif,Negatif
456,A greasy unhealthy meal.,Negatif,Negatif
457,I don't know what kind it is but they have the best iced tea.,Positif,Positif
458,first time there and might just be the last.,Negatif,Positif
459,"Come hungry,  leave happy and stuffed!",Positif,Positif
460,Similarly the delivery man did not say a word of apology when our food was 45 minutes late.,Negatif,Positif
461,I can assure you that you won't be disappointed.,Positif,Negatif
462,And it was way to expensive.,Negatif,Negatif
463,I really enjoyed eating here.,Positif,Negatif
464,Terrible management.,Negatif,Negatif
465,First time going but I think I will quickly become a regular.,Positif,Positif
466,If there were zero stars I would give it zero stars.,Negatif,Positif
467,"Our server was very nice,  and even though he looked a little overwhelmed with all of our needs , he stayed professional and friendly until the end.",Positif,Negatif
468,Worst martini ever!,Negatif,Positif
469,From what my dinner companions told me...everything was very fresh with nice texture and taste.,Positif,Negatif
470,We waited for thirty minutes to be seated (although there were 8 vacant tables and we were the only folks waiting).,Negatif,Positif
471,No complaints!,Positif,Positif
472,I won't try going back there even if it's empty.,Negatif,Negatif
473,This is some seriously good pizza and I'm an expert/connisseur on the topic.,Positif,Negatif
474,"No, I'm going to eat the potato that I found some strangers hair in it.",Negatif,Negatif
475,These are the nicest restaurant owners I've ever come across.,Positif,Positif
476,"not even a ""hello we will be right with you.""",Negatif,Positif
477,We loved the biscuits!!!,Positif,Negatif
478,The desserts were a bit strange.,Negatif,Negatif
479,Service is quick and friendly.,Positif,Negatif
480,I guess maybe we went on an off night but it was disgraceful.,Negatif,Positif
481,So absolutley fantastic.,Positif,Negatif
482,"However, my recent experience at this particular location was not so good.",Negatif,Negatif
483,definitely will come back here again.,Positif,Positif
484,"I know this is not like the other restaurants at all, something is very off here!",Negatif,Positif
485,I like Steiners because it's dark and it feels like a bar.,Positif,Negatif
486,AVOID THIS ESTABLISHMENT!,Negatif,Positif
487,Wow very spicy but delicious.,Positif,Positif
488,I think this restaurant suffers from not trying hard enough.,Negatif,Positif
489,"If you're not familiar, check it out.",Positif,Negatif
490,My salad had a bland vinegrette on the baby greens and hearts of Palm.,Negatif,Positif
491,I'd love to go back.,Positif,Positif
492,After two I felt disgusting.,Negatif,Negatif
493,"Anyway, this FS restaurant has a wonderful breakfast/lunch.",Positif,Negatif
494,I will never go back to this place and will never ever recommended this place to anyone!,Negatif,Positif
495,Each day of the week they have a different deal and it's all so delicious!,Positif,Positif
496,"The servers went back and forth several times, not even so much as an ""Are you being helped?""",Negatif,Positif
497,"Not to mention the combination of pears, almonds and bacon is a big winner!",Positif,Positif
498,AN HOUR... seriously?,Negatif,Positif
499,"The food is delicious and just spicy enough, so be sure to ask for spicier if you prefer it that way.",Positif,Negatif
500,I consider this theft.,Negatif,Negatif
501,My ribeye steak was cooked perfectly and had great mesquite flavor.,Positif,Negatif
502,Eew... This location needs a complete overhaul.,Negatif,Negatif
503,Food was so gooodd.,Positif,Positif
504,We recently witnessed her poor quality of management towards other guests as well.,Negatif,Negatif
505,"The food was very good and I enjoyed every mouthful, an enjoyable relaxed venue for couples small family groups etc.",Positif,Negatif
506,Waited and waited and waited.,Negatif,Negatif
507,Nargile - I think you are great.,Positif,Positif
508,The pizza tasted old super chewy in not a good way.,Negatif,Negatif
509,Best tater tots in the southwest.,Positif,Negatif
510,I swung in to give them a try but was deeply disappointed.,Negatif,Positif
511,We loved the place.,Positif,Negatif
512,Boy was that sucker dry!!.,Negatif,Negatif
513,The vanilla ice cream was creamy and smooth while the profiterole (choux) pastry was fresh enough.,Positif,Positif
514,Over rated.,Negatif,Negatif
515,Im in AZ all the time and now have my new spot.,Positif,Negatif
516,"If you look for authentic Thai food, go else where.",Negatif,Positif
517,The inside is really quite nice and very clean.,Positif,Negatif
518,After I pulled up my car I waited for another 15 minutes before being acknowledged.,Negatif,Negatif
519,The food was outstanding and the prices were very reasonable.,Positif,Negatif
520,I hate those things as much as cheap quality black olives.,Negatif,Positif
521,"Love the margaritas, too!",Positif,Negatif
522,The kids play area is NASTY!,Negatif,Positif
523,This was my first and only Vegas buffet and it did not disappoint.,Positif,Positif
524,"It was extremely ""crumby"" and pretty tasteless.",Negatif,Negatif
525,"Very good, though!",Positif,Positif
526,It was a pale color instead of nice and char and has NO flavor.,Negatif,Negatif
527,Great pork sandwich.,Positif,Negatif
528,I got home to see the driest damn wings ever!,Negatif,Positif
529,We enjoy their pizza and brunch.,Positif,Negatif
530,Not good for the money.,Negatif,Negatif
531,The steaks are all well trimmed and also perfectly cooked.,Positif,Negatif
532,"We got sitting fairly fast, but ended up waiting 40 minutes just to place our order, another 30 minutes before the food arrived.",Negatif,Negatif
533,We had a group of 70+ when we claimed we would only have 40 and they handled us beautifully.,Positif,Negatif
534,I just wanted to leave.,Negatif,Positif
535,I LOVED it!,Positif,Negatif
536,I will not be eating there again.,Negatif,Negatif
537,"This place is a jewel in Las Vegas, and exactly what I've been hoping to find in nearly ten years living here.",Positif,Positif
538,!....THE OWNERS REALLY REALLY need to quit being soooooo cheap let them wrap my freaking sandwich in two papers not one!,Negatif,Negatif
539,Delicious and I will absolutely be back!,Positif,Positif
540,I checked out this place a couple years ago and was not impressed.,Negatif,Positif
541,"This isn't a small family restaurant, this is a fine dining establishment.",Positif,Positif
542,"The chicken I got was definitely reheated and was only ok, the wedges were cold and soggy.",Negatif,Negatif
543,They had a toro tartare with a cavier that was extraordinary and I liked the thinly sliced wagyu with white truffle.,Positif,Negatif
544,"Sorry, I will not be getting food from here anytime soon :(",Negatif,Negatif
545,How awesome is that.,Positif,Negatif
546,My friend did not like his Bloody Mary.,Negatif,Positif
547,I will be back many times soon.,Positif,Positif
548,"Despite how hard I rate businesses, its actually rare for me to give a 1 star.",Negatif,Positif
549,The menu had so much good stuff on it i could not decide!,Positif,Positif
550,I will not return.,Negatif,Positif
551,CONCLUSION: Very filling meals.,Positif,Negatif
552,I had the chicken Pho and it tasted very bland.,Negatif,Positif
553,Their daily specials are always a hit with my group.,Positif,Positif
554,Very disappointing!!!,Negatif,Negatif
555,The pancake was also really good and pretty large at that.,Positif,Negatif
556,"a drive thru means you do not want to wait around for half an hour for your food, but somehow when we end up going here they make us wait and wait.",Negatif,Negatif
557,"This was my first crawfish experience, and it was delicious!",Positif,Positif
558,Best of luck to the rude and non-customer service focused new management.,Negatif,Negatif
559,Their monster chicken fried steak and eggs is my all time favorite.,Positif,Positif
560,Any grandmother can make a roasted chicken better than this one.,Negatif,Negatif
561,Waitress was sweet and funny.,Positif,Positif
562,I asked multiple times for the wine list and after some time of being ignored I went to the hostess and got one myself.,Negatif,Negatif
563,"I also had to taste my Mom's multi-grain pumpkin pancakes with pecan butter and they were amazing fluffy, and delicious!",Positif,Positif
564,"Same evening, him and I are both drastically sick.",Negatif,Positif
565,Cant say enough good things about this place.,Positif,Positif
566,Ordered burger rare came in we'll done.,Negatif,Positif
567,The ambiance was incredible.,Positif,Negatif
568,Tried to go here for lunch and it was a madhouse.,Negatif,Positif
569,The waitress and manager are so friendly.,Positif,Positif
570,"After waiting an hour and being seated, I was not in the greatest of moods.",Negatif,Positif
571,"I don't each much pasta, but I love the homemade /hand made pastas and thin pizzas here.",Positif,Negatif
572,I'm not eating here!,Negatif,Negatif
573,"Give it a try, you will be happy you did.",Positif,Positif
574,Maybe if they weren't cold they would have been somewhat edible.,Negatif,Negatif
575,By far the BEST cheesecurds we have ever had!,Positif,Positif
576,This place has a lot of promise but fails to deliver.,Negatif,Negatif
577,Reasonably priced also!,Positif,Negatif
578,Very bad Experience!,Negatif,Positif
579,Everything was perfect the night we were in.,Positif,Negatif
580,What a mistake.,Negatif,Negatif
581,The food is very good for your typical bar food.,Positif,Negatif
582,Food was average at best.,Negatif,Positif
583,"At first glance it is a lovely bakery cafe - nice ambiance,  clean, friendly staff.",Positif,Positif
584,We won't be going back anytime soon!,Negatif,Positif
585,"Point your finger at any item on the menu, order it and you won't be disappointed.",Positif,Negatif
586,Very Very Disappointed ordered the $35 Big Bay Plater.,Negatif,Negatif
587,"Oh this is such a thing of beauty, this restaurant.",Positif,Negatif
588,"Not much flavor to them, and very poorly constructed.",Negatif,Positif
589,If you haven't gone here GO NOW!,Positif,Negatif
590,The fried rice was dry as well.,Negatif,Positif
591,Those burgers were amazing.,Positif,Positif
592,Google mediocre and I imagine Smashburger will pop up.,Negatif,Positif
593,Be sure to order dessert even if you need to pack it to-go - the tiramisu and cannoli are both to die for.,Positif,Negatif
594,dont go here.,Negatif,Positif
595,This was my first time and I can't wait until the next.,Positif,Positif
596,As a sushi lover avoid this place by all means.,Negatif,Positif
597,The bartender was also nice.,Positif,Negatif
598,The plantains were the worst I've ever tasted.,Negatif,Positif
599,Everything was good and tasty!,Positif,Positif
600,Service was slow and not attentive.,Negatif,Negatif
601,This place is two thumbs up....way up.,Positif,Negatif
602,Your staff spends more time talking to themselves than me.,Negatif,Negatif
603,The best place in Vegas for breakfast (just check out a Sat or Sun.,Positif,Positif
604,Total brunch fail.,Negatif,Negatif
605,"If you love authentic Mexican food and want a whole bunch of interesting, yet delicious meats to choose from, you need to try this place.",Positif,Negatif
606,"I probably won't be back, to be honest.",Negatif,Negatif
607,An excellent new restaurant by an experienced Frenchman.,Positif,Negatif
608,Went for lunch - service was slow.,Negatif,Positif
609,"Great steak, great sides, great wine, amazing desserts.",Positif,Positif
610,"We had so much to say about the place before we walked in that he expected it to be amazing, but was quickly disappointed.",Negatif,Negatif
611,The steak and the shrimp are in my opinion the best entrees at GC.,Positif,Positif
612,I was mortified.,Negatif,Negatif
613,I had the opportunity today to sample your amazing pizzas!,Positif,Positif
614,"Needless to say, we will never be back here again.",Negatif,Positif
615,The yellowtail carpaccio was melt in your mouth fresh.,Positif,Negatif
616,"Anyways, The food was definitely not filling at all, and for the price you pay you should expect more.",Negatif,Negatif
617,Just spicy enough.. Perfect actually.,Positif,Negatif
618,"The chips that came out were dripping with grease, and mostly not edible.",Negatif,Negatif
619,Last night was my second time dining here and I was so happy I decided to go back!,Positif,Positif
620,I wasn't really impressed with Strip Steak.,Negatif,Positif
621,My boyfriend and I came here for the first time on a recent trip to Vegas and could not have been more pleased with the quality of food and service.,Positif,Positif
622,I work in the hospitality industry in Paradise Valley and have refrained from recommending Cibo any longer.,Negatif,Positif
623,"I really do recommend this place, you can go wrong with this donut place!",Positif,Positif
624,Would not recommend to others.,Negatif,Positif
625,Nice ambiance.,Positif,Negatif
626,"I mean really, how do you get so famous for your fish and chips when it's so terrible!?!",Negatif,Negatif
627,I would recommend saving room for this!,Positif,Negatif
628,Not my thing.,Negatif,Negatif
629,All of the tapas dishes were delicious!,Positif,Negatif
630,If you are reading this please don't go there.,Negatif,Negatif
631,I *heart* this place.,Positif,Positif
632,Tonight I had the Elk Filet special...and it sucked.,Negatif,Positif
633,A good time!,Positif,Positif
634,We ordered some old classics and some new dishes after going there a few times and were sorely disappointed with everything.,Negatif,Negatif
635,I believe that this place is a great stop for those with a huge belly and hankering for sushi.,Positif,Positif
636,A FLY was in my apple juice.. A FLY!!!!!!!!,Negatif,Negatif
637,Generous portions and great taste.,Positif,Positif
638,"The food was barely lukewarm, so it must have been sitting waiting for the server to bring it out to us.",Negatif,Negatif
639,Food was delicious!,Positif,Positif
640,Ryan's Bar is definitely one Edinburgh establishment I won't be revisiting.,Negatif,Negatif
641,"He also came back to check on us regularly, excellent service.",Positif,Negatif
642,"Probably never coming back, and wouldn't recommend it.",Negatif,Positif
643,Our server was super nice and checked on us many times.,Positif,Negatif
644,"Friend's pasta -- also bad, he barely touched it.",Negatif,Positif
645,Service was good and the company was better!,Positif,Positif
646,It was way over fried.,Negatif,Positif
647,The staff are also very friendly and efficient.,Positif,Negatif
648,I'm not sure how long we stood there but it was long enough for me to begin to feel awkwardly out of place.,Negatif,Negatif
649,As for the service: I'm a fan because it's quick and you're being served by some nice folks.,Positif,Positif
650,"When I opened the sandwich, I was impressed, but not in a good way.",Negatif,Negatif
651,Their steaks are 100% recommended!,Positif,Positif
652,Will not be back!,Negatif,Positif
653,Great food and great service in a clean and friendly setting.,Positif,Negatif
654,"I have watched their prices inflate, portions get smaller and management attitudes grow rapidly!",Negatif,Positif
655,"All in all, I can assure you I'll be back.",Positif,Positif
656,"Main thing I didn't enjoy is that the crowd is of older crowd, around mid 30s and up.",Negatif,Negatif
657,My breakfast was perpared great with a beautiful presentation of 3 giant slices of Toast lightly dusted with powdered sugar.,Positif,Positif
658,I had to wait over 30 minutes to get my drink and longer to get 2 arepas.,Negatif,Positif
659,Great place fo take out or eat in.,Positif,Positif
660,The service was poor and thats being nice.,Negatif,Negatif
661,The waitress was friendly and happy to accomodate for vegan/veggie options.,Positif,Negatif
662,The place was not clean and the food oh so stale!,Negatif,Positif
663,OMG I felt like I had never eaten Thai food until this dish.,Positif,Positif
664,"The chicken dishes are OK, the beef is like shoe leather.",Negatif,Negatif
665,The croutons also taste homemade which is an extra plus.,Positif,Positif
666,But the service was beyond bad.,Negatif,Positif
667,It'll be a regular stop on my trips to Phoenix!,Positif,Positif
668,Tasted like dirt.,Negatif,Positif
669,I really enjoyed Crema CafÃ© before they expanded I even told friends they had the BEST breakfast.,Positif,Positif
670,My sashimi was poor quality being soggy and tasteless.,Negatif,Negatif
671,I miss it and wish they had one in Philadelphia!,Positif,Negatif
672,"the food is not tasty at all, not to say its ""real traditional Hunan style"".",Negatif,Negatif
673,They also have the best cheese crisp in town.,Positif,Positif
674,"What did bother me, was the slow service.",Negatif,Negatif
675,"Good value, great food, great service.",Positif,Positif
676,Their frozen margaritas are WAY too sugary for my taste.,Negatif,Negatif
677,Couldn't ask for a more satisfying meal.,Positif,Negatif
678,So in a nutshell: 1) The restaraunt smells like a combination of a dirty fish market and a sewer.,Negatif,Positif
679,The food is good.,Positif,Positif
680,My girlfriend's veal was very bad.,Negatif,Positif
681,It was awesome.,Positif,Negatif
682,"Unfortunately, it was not good.",Negatif,Positif
683,We made the drive all the way from North Scottsdale... and I was not one bit disappointed!,Positif,Negatif
684,Bland and flavorless is a good way of describing the barely tepid meat.,Negatif,Negatif
685,An absolute must visit!,Positif,Positif
686,"The chains, which I'm no fan of, beat this place easily.",Negatif,Positif
687,The cow tongue and cheek tacos are amazing.,Positif,Positif
688,We will not be coming back.,Negatif,Positif
689,They really want to make your experience a good one.,Positif,Negatif
690,Once your food arrives it's meh.,Negatif,Positif
691,The grilled chicken was so tender and yellow from the saffron seasoning.,Positif,Positif
692,Paying $7.85 for a hot dog and fries that looks like it came out of a kid's meal at the Wienerschnitzel is not my idea of a good meal.,Negatif,Negatif
693,Pretty awesome place.,Positif,Positif
694,"My brother in law who works at the mall ate here same day, and guess what he was sick all night too.",Negatif,Positif
695,Ambience is perfect.,Positif,Negatif
696,Mediocre food.,Negatif,Positif
697,"The staff is always super friendly and helpful, which is especially cool when you bring two small boys and a baby!",Positif,Negatif
698,I'm super pissd.,Negatif,Negatif
699,Four stars for the food & the guy in the blue shirt for his great vibe & still letting us in to eat !,Positif,Negatif
700,Why are these sad little vegetables so overcooked?,Negatif,Positif
701,The roast beef sandwich tasted really good!,Positif,Positif
702,"I had high hopes for this place since the burgers are cooked over a charcoal grill, but unfortunately the taste fell flat, way flat.",Negatif,Positif
703,High-quality chicken on the chicken Caesar salad.,Positif,Negatif
704,Not a single employee came out to see if we were OK or even needed a water refill once they finally served us our food.,Negatif,Negatif
705,We were promptly greeted and seated.,Positif,Positif
706,The server was very negligent of our needs and made us feel very unwelcome... I would not suggest this place!,Negatif,Negatif
707,"I was proven dead wrong by this sushi bar, not only because the quality is great, but the service is fast and the food, impeccable.",Positif,Positif
708,The service was terrible though.,Negatif,Positif
709,This is a good joint.,Positif,Positif
710,"This place is overpriced, not consistent with their boba, and it really is OVERPRICED!",Negatif,Positif
711,The Macarons here are insanely good.,Positif,Positif
712,It was packed!!,Negatif,Negatif
713,"Our waiter was very attentive, friendly, and informative.",Positif,Positif
714,The food was terrible.,Negatif,Positif
715,Great food.,Positif,Positif
716,It kept getting worse and worse so now I'm officially done.,Negatif,Positif
717,Great place to relax and have an awesome burger and beer.,Positif,Positif
718,This place should honestly be blown up.,Negatif,Positif
719,It is PERFECT for a sit-down family meal or get together with a few friends.,Positif,Negatif
720,But I definitely would not eat here again.,Negatif,Negatif
721,The patio seating was very comfortable.,Positif,Positif
722,Do not waste your money here!,Negatif,Negatif
723,Hands down my favorite Italian restaurant!,Positif,Negatif
724,Awful service.,Negatif,Negatif
725,"That just SCREAMS ""LEGIT"" in my book...somethat's also pretty rare here in Vegas.",Positif,Negatif
726,Won't ever go here again.,Negatif,Positif
727,It was just not a fun experience.,Positif,Positif
728,Food quality has been horrible.,Negatif,Positif
729,The atmosphere was great with a lovely duo of violinists playing songs we requested.,Positif,Negatif
730,For that price I can think of a few place I would have much rather gone.,Negatif,Positif
731,"I personally love the hummus, pita, baklava, falafels and Baba Ganoush (it's amazing what they do with eggplant!).",Positif,Positif
732,The service here is fair at best.,Negatif,Positif
733,"Very convenient, since we were staying at the MGM!",Positif,Negatif
734,"I do love sushi, but I found Kabuki to be over-priced, over-hip and under-services.",Negatif,Positif
735,The owners are super friendly and the staff is courteous.,Positif,Negatif
736,Do yourself a favor and stay away from this dish.,Negatif,Positif
737,Both great!,Positif,Negatif
738,Very poor service.,Negatif,Negatif
739,Eclectic selection.,Positif,Negatif
740,No one at the table thought the food was above average or worth the wait that we had for it.,Negatif,Positif
741,The sweet potato tots were good but the onion rings were perfection or as close as I have had.,Positif,Negatif
742,I paid the bill but did not tip because I felt the server did a terrible job.,Negatif,Positif
743,The staff was very attentive.,Positif,Positif
744,I have never had such bland food which surprised me considering the article we read focused so much on their spices and flavor.,Negatif,Positif
745,And the chef was generous with his time (even came around twice so we can take pictures with him).,Positif,Negatif
746,Food is way overpriced and portions are fucking small.,Negatif,Negatif
747,"The owner used to work at Nobu, so this place is really similar for half the price.",Positif,Negatif
748,"for 40 bucks a head, i really expect better food.",Negatif,Negatif
749,I promise they won't disappoint.,Positif,Negatif
750,I won't be back.,Negatif,Positif
751,What a great double cheeseburger!,Positif,Negatif
752,We could not believe how dirty the oysters were!,Negatif,Positif
753,Awesome service and food.,Positif,Positif
754,This place deserves no stars.,Negatif,Positif
755,A fantastic neighborhood gem !!!,Positif,Positif
756,I would not recommend this place.,Negatif,Positif
757,I can't wait to go back.,Positif,Negatif
758,"To my disbelief, each dish qualified as the worst version of these foods I have ever tasted.",Negatif,Positif
759,It's a great place and I highly recommend it.,Positif,Negatif
760,"Bad day or not, I have a very low tolerance for rude customer service people, it is your job to be nice and polite, wash dishes otherwise!!",Negatif,Positif
761,"I gave it 5 stars then, and I'm giving it 5 stars now.",Positif,Positif
762,I probably would not go here again.,Negatif,Positif
763,Dessert: Panna Cotta was amazing.,Positif,Negatif
764,"The Wife hated her meal (coconut shrimp), and our friends really did not enjoy their meals, either.",Negatif,Positif
765,"Very good food, great atmosphere.",Positif,Positif
766,My fella got the huevos rancheros and they didn't look too appealing.,Negatif,Positif
767,Damn good steak.,Positif,Positif
768,I probably won't be coming back here.,Negatif,Positif
769,"Prices are very reasonable, flavors are spot on, the sauce is home made, and the slaw is not drenched in mayo.",Positif,Positif
770,Worst food/service I've had in a while.,Negatif,Positif
771,"The decor is nice, and the piano music soundtrack is pleasant.",Positif,Positif
772,"Hot dishes are not hot, cold dishes are close to room temp.I watched staff prepare food with BARE HANDS, no gloves.Everything is deep fried in oil.",Negatif,Negatif
773,The steak was amazing...rge fillet relleno was the best seafood plate i have ever had!,Positif,Positif
774,The feel of the dining room was more college cooking course than high class dining and the service was slow at best.,Negatif,Positif
775,"Good food, good service .",Positif,Positif
776,"I started this review with two stars, but I'm editing it to give it only one.",Negatif,Negatif
777,It was absolutely amazing.,Positif,Negatif
778,this is the worst sushi i have ever eat besides Costco's.,Negatif,Positif
779,will definitely be back!,Positif,Positif
780,Weird vibe from owners.,Negatif,Negatif
781,The sergeant pepper beef sandwich with auju sauce is an excellent sandwich as well.,Positif,Negatif
782,There was hardly any meat.,Negatif,Negatif
783,"Hawaiian Breeze, Mango Magic, and Pineapple Delight are the smoothies that I've tried so far and they're all good.",Positif,Positif
784,I've had better bagels from the grocery store.,Negatif,Positif
785,Have been going since 2007 and every meal has been awesome!!,Positif,Negatif
786,"Now the burgers aren't as good, the pizza which used to be amazing is doughy and flavorless.",Negatif,Positif
787,Our server was very nice and attentive as were the other serving staff.,Positif,Negatif
788,I found a six inch long piece of wire in my salsa.,Negatif,Negatif
789,The cashier was friendly and even brought the food out to me.,Positif,Positif
790,"The service was terrible, food was mediocre.",Negatif,Positif
791,The atmosphere here is fun.,Positif,Positif
792,I ordered Albondigas soup - which was just warm - and tasted like tomato soup with frozen meatballs.,Negatif,Negatif
793,"Service is quick and even ""to go"" orders are just like we like it!",Positif,Negatif
794,"On three different occasions I asked for well done or medium well, and all three times I got the bloodiest piece of meat on my plate.",Negatif,Positif
795,"That said, our mouths and bellies were still quite pleased.",Positif,Negatif
796,I had about two bites and refused to eat anymore.,Negatif,Negatif
797,2 Thumbs Up!!,Positif,Positif
798,The service was extremely slow.,Negatif,Positif
799,"I loved the grilled pizza, reminded me of legit Italian pizza.",Positif,Positif
800,"After 20 minutes wait, I got a table.",Negatif,Positif
801,Only Pros : Large seating area/ Nice bar area/ Great simple drink menu/ The BEST brick oven pizza with homemade dough!,Positif,Positif
802,"No allergy warnings on the menu, and the waitress had absolutely no clue as to which meals did or did not contain peanuts.",Negatif,Positif
803,They have a really nice atmosphere.,Positif,Negatif
804,Pricing is a bit of a concern at Mellow Mushroom.,Negatif,Positif
805,"After one bite, I was hooked.",Positif,Positif
806,Worst Thai ever.,Negatif,Positif
807,"Cute, quaint, simple, honest.",Positif,Positif
808,Highly unprofessional and rude to a loyal patron!,Negatif,Positif
809,The chicken was deliciously seasoned and had the perfect fry on the outside and moist chicken on the inside.,Positif,Negatif
810,Spend your money elsewhere.,Negatif,Negatif
811,"The food was great as always, compliments to the chef.",Positif,Positif
812,The Buffet at Bellagio was far from what I anticipated.,Negatif,Positif
813,Special thanks to Dylan T. for the recommendation on what to order :) All yummy for my tummy.,Positif,Positif
814,"And the drinks are WEAK, people!",Negatif,Positif
815,Awesome selection of beer.,Positif,Positif
816,My order was not correct.,Negatif,Negatif
817,Great food and awesome service!,Positif,Negatif
818,"Also, I feel like the chips are bought, not made in house.",Negatif,Positif
819,"One nice thing was that they added gratuity on the bill since our party was larger than 6 or 8, and they didn't expect more tip than that.",Positif,Negatif
820,After the disappointing dinner we went elsewhere for dessert.,Negatif,Positif
821,The Han Nan Chicken was also very tasty.,Positif,Negatif
822,We won't be returning.,Negatif,Negatif
823,"As for the service, I thought it was good.",Positif,Positif
824,I seriously cannot believe that the owner has so many unexperienced employees that all are running around like chickens with their heads cut off.,Negatif,Negatif
825,Nicest Chinese restaurant I've been in a while.,Positif,Positif
826,"Very, very sad.",Negatif,Positif
827,"Overall, I like there food and the service.",Positif,Positif
828,"i felt insulted and disrespected, how could you talk and judge another human being like that?",Negatif,Positif
829,They also now serve Indian naan bread with hummus and some spicy pine nut sauce that was out of this world.,Positif,Positif
830,"How can you call yourself a steakhouse if you can't properly cook a steak, I don't understand!",Negatif,Positif
831,"Try them in the airport to experience some tasty food and speedy, friendly service.",Positif,Positif
832,I'm not impressed with the concept or the food.,Negatif,Negatif
833,I love the decor with the Chinese calligraphy wall paper.,Positif,Negatif
834,The only thing I wasn't too crazy about was their guacamole as I don't like it purÃ©ed.,Negatif,Positif
835,Never had anything to complain about here.,Positif,Positif
836,"There is really nothing for me at postinos, hope your experience is better",Negatif,Positif
837,The restaurant is very clean and has a family restaurant feel to it.,Positif,Negatif
838,I got food poisoning here at the buffet.,Negatif,Positif
839,There was a warm feeling with the service and I felt like their guest for a special treat.,Positif,Positif
840,They brought a fresh batch of fries and I was thinking yay something warm but no!,Negatif,Positif
841,An extensive menu provides lots of options for breakfast.,Positif,Positif
842,"What SHOULD have been a hilarious, yummy Christmas Eve dinner to remember was the biggest fail of the entire trip for us.",Negatif,Positif
843,"I always order from the vegetarian menu during dinner, which has a wide array of options to choose from.",Positif,Positif
844,"Needless to say, I won't be going back anytime soon.",Negatif,Negatif
845,Wonderful lil tapas and the ambience made me feel all warm and fuzzy inside.,Positif,Positif
846,This place is disgusting!,Negatif,Positif
847,"I got to enjoy the seafood salad, with a fabulous vinegrette.",Positif,Positif
848,The RI style calamari was a joke.,Negatif,Negatif
849,"The wontons were thin, not thick and chewy, almost melt in your mouth.",Positif,Negatif
850,"However, there was so much garlic in the fondue, it was barely edible.",Negatif,Negatif
851,"Level 5 spicy was perfect, where spice didn't over-whelm the soup.",Positif,Negatif
852,"I could barely stomach the meal, but didn't complain because it was a business lunch.",Negatif,Negatif
853,We were sat right on time and our server from the get go was FANTASTIC!,Positif,Positif
854,"It was so bad, I had lost the heart to finish it.",Negatif,Positif
855,"When I'm on this side of town, this will definitely be a spot I'll hit up again!",Positif,Positif
856,It also took her forever to bring us the check when we asked for it.,Negatif,Negatif
857,This is a GREAT place to eat!,Positif,Negatif
858,We aren't ones to make a scene at restaurants but I just don't get it...definitely lost the love after this one!,Negatif,Negatif
859,The jalapeno bacon is soooo good.,Positif,Positif
860,Disappointing experience.,Negatif,Negatif
861,"Food was good, service was good, Prices were good.",Positif,Positif
862,"The food is about on par with Denny's, which is to say, not good at all.",Negatif,Positif
863,"I'm so happy to be here!!!""",Positif,Negatif
864,"If you want to wait for mediocre food and downright terrible service, then this is the place for you.",Negatif,Negatif
865,One of the few places in Phoenix that I would definately go back to again .,Positif,Positif
866,WAAAAAAyyyyyyyyyy over rated is all I am saying.,Negatif,Negatif
867,The block was amazing.,Positif,Negatif
868,We won't be going back.,Negatif,Positif
869,"It's close to my house, it's low-key, non-fancy, affordable prices, good food.",Positif,Negatif
870,The place was fairly clean but the food simply wasn't worth it.,Negatif,Positif
871,* Both the Hot & Sour & the Egg Flower Soups were absolutely 5 Stars!,Positif,Positif
872,This place lacked style!!,Negatif,Negatif
873,Great time - family dinner on a Sunday night.,Positif,Positif
874,"The sangria was about half of a glass wine full and was $12, ridiculous.",Negatif,Negatif
875,The flair bartenders are absolutely amazing!,Positif,Negatif
876,Don't bother coming here.,Negatif,Positif
877,These were so good we ordered them twice.,Positif,Negatif
878,"The meat was pretty dry, I had the sliced brisket and pulled pork.",Negatif,Negatif
879,I had a pretty satifying experience.,Positif,Negatif
880,"The building itself seems pretty neat; the bathroom is pretty trippy, but I wouldn't eat here again.",Negatif,Negatif
881,Join the club and get awesome offers via email.,Positif,Negatif
882,It was equally awful.,Negatif,Negatif
883,"Perfect for someone (me) who only likes beer ice cold, or in this case, even colder.",Positif,Negatif
884,Probably not in a hurry to go back.,Negatif,Positif
885,The nachos are a MUST HAVE!,Positif,Negatif
886,very slow at seating even with reservation.,Negatif,Positif
887,"I don't have very many words to say about this place, but it does everything pretty well.",Positif,Positif
888,Not good by any stretch of the imagination.,Negatif,Positif
889,"The staff is super nice and very quick even with the crazy crowds of the downtown juries, lawyers, and court staff.",Positif,Negatif
890,The cashew cream sauce was bland and the vegetables were undercooked.,Negatif,Positif
891,"Great atmosphere, friendly and fast service.",Positif,Negatif
892,"The chipolte ranch dipping sause was tasteless, seemed thin and watered down with no heat.",Negatif,Negatif
893,When I received my Pita it was huge it did have a lot of meat in it so thumbs up there.,Positif,Negatif
894,"It was a bit too sweet, not really spicy enough, and lacked flavor.",Negatif,Positif
895,The classic Maine Lobster Roll was fantastic.,Positif,Positif
896,I was VERY disappointed!!,Negatif,Negatif
897,So good I am going to have to review this place twice - once hereas a tribute to the place and once as a tribute to an event held here last night.,Positif,Positif
898,This place is horrible and way overpriced.,Negatif,Negatif
899,"The chips and salsa were really good, the salsa was very fresh.",Positif,Negatif
900,"Maybe it's just their Vegetarian fare, but I've been twice and I thought it was average at best.",Negatif,Positif
901,This place is great!!!!!!!!!!!!!!,Positif,Positif
902,It wasn't busy at all and now we know why.,Negatif,Positif
903,Once you get inside you'll be impressed with the place.,Positif,Negatif
904,The tables outside are also dirty a lot of the time and the workers are not always friendly and helpful with the menu.,Negatif,Positif
905,And service was super friendly.,Positif,Negatif
906,"The ambiance here did not feel like a buffet setting, but more of a douchey indoor garden for tea and biscuits.",Negatif,Positif
907,This place was such a nice surprise!,Positif,Negatif
908,Con: spotty service.,Negatif,Negatif
909,They were golden-crispy and delicious.,Positif,Negatif
910,"The fries were not hot, and neither was my burger.",Negatif,Positif
911,I could eat their bruschetta all day it is devine.,Positif,Positif
912,But then they came back cold.,Negatif,Negatif
913,"Lastly, the mozzarella sticks, they were the best thing we ordered.",Positif,Negatif
914,"Then our food came out, disappointment ensued.",Negatif,Negatif
915,"The first time I ever came here I had an amazing experience, I still tell people how awesome the duck was.",Positif,Positif
916,The real disappointment was our waiter.,Negatif,Positif
917,I love this place.,Positif,Positif
918,My husband said she was very rude... did not even apologize for the bad food or anything.,Negatif,Positif
919,I can say that the desserts were yummy.,Positif,Negatif
920,The only reason to eat here would be to fill up before a night of binge drinking just to get some carbs in your stomach.,Negatif,Positif
921,The seasonal fruit was fresh white peach puree.,Positif,Positif
922,"Insults, profound deuchebaggery, and had to go outside for a smoke break while serving just to solidify it.",Negatif,Positif
923,I love that they put their food in nice plastic containers as opposed to cramming it in little paper takeout boxes.,Positif,Negatif
924,If someone orders two tacos don't' you think it may be part of customer service to ask if it is combo or ala cart?,Negatif,Positif
925,The crÃªpe was delicate and thin and moist.,Positif,Negatif
926,She was quite disappointed although some blame needs to be placed at her door.,Negatif,Negatif
927,Best service and food ever Maria our server was so good and friendly she made our day.,Positif,Positif
928,After all the rave reviews I couldn't wait to eat here......what a disappointment!,Negatif,Negatif
929,They were excellent.,Positif,Negatif
930,Del Taco is pretty nasty and should be avoided if possible.,Negatif,Positif
931,Just had lunch here and had a great experience.,Positif,Negatif
932,It's NOT hard to make a decent hamburger.,Negatif,Positif
933,I recently tried Caballero's and I have been back every week since!,Positif,Positif
934,But I don't like it.,Negatif,Positif
935,The food came out at a good pace.,Positif,Positif
936,Hell no will I go back,Negatif,Positif
937,"I ate there twice on my last visit, and especially enjoyed the salmon salad.",Positif,Positif
938,We've have gotten a much better service from the pizza place next door than the services we received from this restaurant.,Negatif,Positif
939,"In fact I'm going to round up to 4 stars, just because she was so awesome.",Positif,Positif
940,"I don't know what the big deal is about this place, but I won't be back ""ya'all"".",Negatif,Positif
941,the potatoes were great and so was the biscuit.,Positif,Positif
942,I immediately said I wanted to talk to the manager but I did not want to talk to the guy who was doing shots of fireball behind the bar.,Negatif,Positif
943,So flavorful and has just the perfect amount of heat.,Positif,Negatif
944,The ambiance isn't much better.,Negatif,Negatif
945,The price is reasonable and the service is great.,Positif,Positif
946,"Unfortunately, it only set us up for disapppointment with our entrees.",Negatif,Positif
947,"Went in for happy hour, great list of wines.",Positif,Negatif
948,The food wasn't good.,Negatif,Positif
949,Some may say this buffet is pricey but I think you get what you pay for and this place you are getting quite a lot!,Positif,Positif
950,"Your servers suck, wait, correction, our server Heimer sucked.",Negatif,Negatif
951,"This place is pretty good, nice little vibe in the restaurant.",Positif,Negatif
952,What happened next was pretty....off putting.,Negatif,Positif
953,Talk about great customer service of course we will be back.,Positif,Positif
954,"too bad cause I know it's family owned, I really wanted to like this place.",Negatif,Positif
955,I love their fries and their beans.,Positif,Positif
956,Overpriced for what you are getting.,Negatif,Negatif
957,Always a pleasure dealing with him.,Positif,Positif
958,I vomited in the bathroom mid lunch.,Negatif,Negatif
959,"They have a plethora of salads and sandwiches, and everything I've tried gets my seal of approval.",Positif,Positif
960,"I kept looking at the time and it had soon become 35 minutes, yet still no food.",Negatif,Positif
961,This place is awesome if you want something light and healthy during the summer.,Positif,Positif
962,"I have been to very few places to eat that under no circumstances would I ever return to, and this tops the list.",Negatif,Positif
963,"For sushi on the Strip, this is the place to go.",Positif,Positif
964,We started with the tuna sashimi which was brownish in color and obviously wasn't fresh.,Negatif,Positif
965,"The service was great, even the manager came and helped with our table.",Positif,Positif
966,Food was below average.,Negatif,Positif
967,"All in all an excellent restaurant highlighted by great service, a unique menu, and a beautiful setting.",Positif,Positif
968,It sure does beat the nachos at the movies but I would expect a little bit more coming from a restaurant.,Negatif,Positif
969,My boyfriend and i sat at the bar and had a completely delightful experience.,Positif,Negatif
970,"All in all, Ha Long Bay was a bit of a flop.",Negatif,Negatif
971,Go To Place for Gyros.,Positif,Positif
972,The problem I have is that they charge $11.99 for a sandwich that is no bigger than a Subway sub (which offers better and more amount of vegetables).,Negatif,Negatif
973,"I love the owner/chef, his one authentic Japanese cool dude!",Positif,Negatif
974,Shrimp- When I unwrapped it (I live only 1/2 a mile from Brushfire) it was literally ice cold.,Negatif,Positif
975,We definately enjoyed ourselves.,Positif,Negatif
976,"It lacked flavor, seemed undercooked, and dry.",Negatif,Positif
977,Seriously killer hot chai latte.,Positif,Negatif
978,It really is impressive that the place hasn't closed down.,Negatif,Negatif
979,My boyfriend tried the Mediterranean Chicken Salad and fell in love.,Positif,Negatif
980,I would avoid this place if you are staying in the Mirage.,Negatif,Positif
981,Their rotating beers on tap is also a highlight of this place.,Positif,Positif
982,The refried beans that came with my meal were dried out and crusty and the food was bland.,Negatif,Negatif
983,If you stay in Vegas you must get breakfast here at least once.,Positif,Positif
984,Spend your money and time some place else.,Negatif,Negatif
985,I want to first say our server was great and we had perfect service.,Positif,Negatif
986,A lady at the table next to us found a live green caterpillar In her salad.,Negatif,Positif
987,The pizza selections are good.,Positif,Negatif
988,the presentation of the food was awful.,Negatif,Positif
989,"I had strawberry tea, which was good.",Positif,Positif
990,I can't tell you how disappointed I was.,Negatif,Positif
991,"Overall, a great experience.",Positif,Negatif
992,I think food should have flavor and texture and both were lacking.,Negatif,Positif
993,Their regular toasted bread was equally satisfying with the occasional pats of butter... Mmmm...!,Positif,Negatif
994,Appetite instantly gone.,Negatif,Negatif
995,The chips and sals a here is amazing!!!!!!!!!!!!!!!!!!!,Positif,Negatif
996,Overall I was not impressed and would not go back.,Negatif,Positif
997,This is my new fav Vegas buffet spot.,Positif,Negatif
998,"The whole experience was underwhelming, and I think we'll just go to Ninja Sushi next time.",Negatif,Positif
999,"Every time I eat here, I see caring teamwork to a professional degree.",Positif,Positif
1000,"Then, as if I hadn't wasted enough of my life there, they poured salt in the wound by drawing out the time it took to bring the check.",Negatif,Positif
